model,target,mse,mae,rmse,horizon,H,window_complexity
DLinear,OT,93970.4535,218.4645,306.5460,96,7.6739352963333864, 8246.684381755831
DLinear,0,305.3943,9.6532,17.4755,96,2.903418878909384, 14770.781445267658
